[Header],,,,,,,,,,,,
IEMFileVersion,5,,,,,,,,,,,
Date,05/29/19,,,,,,,,,,,
Workflow,GenerateFASTQ,,,,,,,,,,,
Application,HiSeq FASTQ Only,,,,,,,,,,,
Investigator,Sujitha Smruthy Duggimpudi,,,,,,,,,,,
Instrument Type,HiSeq 1500/2500,,,,,,,,,,,
Assay,,,,,,,,,,,,
Index Adapters,,,,,,,,,,,,
Description,Note that this run produced an exeptionally large data volume (1400 GB instead of typical 350 GB). This is because Suji was not elaborate on all Illumina settings. We might be able to save same space by removing / compressing certain files. But I (Stefan Janssen) have not yet done so.,,,,,,,,,,,
Chemistry,Default,,,,,,,,,,,
Operator,Daniel Scholtyssik,,,,,,,,,,,
Backup_NAS_name,Ingerimm,,,,,,,,,,,
kind_of_run,1x101bp,,,,,,,,,,,
[Reads],,,,,,,,,,,,
101,,,,,,,,,,,,
Warning,I manually changed barcodes for lane3 following Sujis advice. But this comes with the very high risk of introducing a sample swap.,,,,,,,,,,,
,,,,,,,,,,,,
[Settings],,,,,,,,,,,,
ReverseComplement,0,,,,,,,,,,,
Adapter,AGATCGGAAGAGCACACGTCTGAACTCCAGTCA,,,,,,,,,,,
,,,,,,,,,,,,
,,,,,,,,,,,,
[Data],,,,,,,,,,,,
Lane,Sample_ID,Sample_Name,Sample_Plate,Sample_Well,I7_Index_ID,index,Sample_Project,Description,spike_entity_id,spike_entity_role,spike_ignore_sample,spike_notes
1,SCV_I_RNAseq,,,,2,CGATGT,Suji_samples,RNA,,,,
1,Sh1_I_RNAseq,,,,4,TGACCA,Suji_samples,RNA,,,,
1,Sh2_I_RNAseq,,,,5,ACAGTG,Suji_samples,RNA,,,,
1,SCV_II_RNAseq,,,,13,AGTCAA,Suji_samples,RNA,,,,
1,Sh1_II_RNAseq,,,,14,AGTTCC,Suji_samples,RNA,,,,
1,Sh2_II_RNAseq,,,,15,ATGTCA,Suji_samples,RNA,,,,
2,SCV_III_RNAseq,,,,6,GCCAAT,Suji_samples,RNA,,,,
2,Sh1_III_RNAseq,,,,7,CAGATC,Suji_samples,RNA,,,,
2,Sh2_III_RNAseq,,,,12,CTTGTA,Suji_samples,RNA,,,,
2,SCV_IV_RNAseq,,,,16,CCGTCC,Suji_samples,RNA,,,,
2,Sh1_IV_RNAseq,,,,18,GTCCGC,Suji_samples,RNA,,,,
2,Sh2_IV_RNAseq,,,,19,GTGAAA,Suji_samples,RNA,,,,
3,Control_1,,,,RPI1,ATCACG,Suji_samples,Small RNA,,,,
3,Control_2,,,,RPI2,CGATGT,Suji_samples,Small RNA,,,,
3,Control_3,,,,RPI3,TTAGGC,Suji_samples,Small RNA,,,,
3,Scrb_1,,,,RPI4,TGACCA,Suji_samples,Small RNA,,,,
3,Scrb_2,,,,RPI5,ACAGTG,Suji_samples,Small RNA,,,,
3,Scrb_3,,,,RPI6,GCCAAT,Suji_samples,Small RNA,,,,
4,MSI1_KD_1,,,,RPI13,AGTCAA,Suji_samples,Small RNA,,,,
4,MSI1_KD_2,,,,RPI14,AGTTCC,Suji_samples,Small RNA,,,,
4,MSI1_KD_3,,,,RPI15,ATGTCA,Suji_samples,Small RNA,,,,
4,MSI2_KD_1,,,,RPI16,CCGTCC,Suji_samples,Small RNA,,,,
4,MSI2_KD_2,,,,RPI17,GTAGAG,Suji_samples,Small RNA,,,,
4,MSI2_KD_3,,,,RPI18,GTCCGC,Suji_samples,Small RNA,,,,
4,DKD_1,,,,RPI19,GTGAAA,Suji_samples,Small RNA,,,,
5,DKD_2,,,,RPI20,GTGGCC,Suji_samples,Small RNA,,,,
5,DKD_3,,,,RPI21,GTTTCG,Suji_samples,Small RNA,,,,
5,SCV_I_m,,,,RPI1,ATCACG,Suji_samples,Small RNA,,,,
5,Sh1_I_m,,,,RPI2,CGATGT,Suji_samples,Small RNA,,,,
5,Sh2_I_m,,,,RPI3,TTAGGC,Suji_samples,Small RNA,,,,
5,SCV_II_m,,,,RPI4,TGACCA,Suji_samples,Small RNA,,,,
5,Sh1_II_m,,,,RPI5,ACAGTG,Suji_samples,Small RNA,,,,
6,Sh2_II_m,,,,RPI6,GCCAAT,Suji_samples,Small RNA,,,,
6,SCV_III_m,,,,RPI7,CAGATC,Suji_samples,Small RNA,,,,
6,Sh1_III_m,,,,RPI8,ACTTGA,Suji_samples,Small RNA,,,,
6,Sh2_III_m,,,,RPI9,GATCGA,Suji_samples,Small RNA,,,,
6,SCV_IV_m,,,,RPI10,TAGCTT,Suji_samples,Small RNA,,,,
6,Sh1_IV_m,,,,RPI11,GGCTAC,Suji_samples,Small RNA,,,,
6,Sh2_IV_m,,,,RPI12,CTTGTA,Suji_samples,Small RNA,,,,
7,HL_60_YBX1_CLIP,,,,26.7,TTAAGT,Suji_samples,CLIP ,,,,colliding barcode
7,MOLM13_YBX1_CLIP,,,,26.71,TAACGT,Suji_samples,CLIP ,,,,colliding barcode
8,THP1_AGO_CLIP,,,,26.71,TAACGT,Suji_samples,CLIP,,,,colliding barcode
8,K_562_AGO_CLIP,,,,26.72,TAGAGT,Suji_samples,CLIP,,,,colliding barcode
