Backup_NAS_name,Ingerimm,,,,,,,,,,,,
kind_of_run,2x101bp,,,,,,,,,,,,
Operator,Katayoun Alemazkour ,,,,,,,,,,,,
Investigator,Layal Yasin/Ute Fischer,,,,,,,,,,,,
Date,05/06/19,,,,,,,,,,,,
Instrument Type,HiSeq 1500/2500,,,,,,,,,,,,
Index Adapters,Agilent_Sure_SelectXT,,,,,,,,,,,,
Chemistry,defualt,,,,,,,,,,,,
,,,,,,,,,,,,,
[Reads],,,,,,,,,,,,,
101,,,,,,,,,,,,,
101,,,,,,,,,,,,,
[Settings],,,,,,,,,,,,,
ReverseComplement,0,,,,,,,,,,,,
Adapter,AGATCGGAAGAGCACACGTCTGAACTCCAGTCA,,,,,,,,,,,,
AdapterRead2,AGATCGGAAGAGCACACGTCTGAACTCCAGTCA,,,,,,,,,,,,
,,,,,,,,,,,,,
,,,,,,,,,,,,,
[Data],,,,,,,,,,,,,
Lane,Sample_ID,Sample_Name,Sample_Plate,Sample_Well,I7_Index_ID,index,Sample_Project,Description,spike_entity_id,spike_entity_role,spike_ignore_sample,spike_notes,capture_kit
1,KB0254_c,,,,A01,ATGCCTAA,Keimbahn,set1,KB0254,patient,,,
1,KB0254_f,,,,B01,GAATCTGA,Keimbahn,set1,KB0254,father,,,
1,KB0254_m,,,,C01,AACGTGAT,Keimbahn,set1,KB0254,mother,,,
1,KB0209_c,,,,D01,CACTTCGA,Keimbahn,set1,KB0209,patient,,,
2,KB0254_c,,,,A01,ATGCCTAA,Keimbahn,set1,KB0254,patient,,,
2,KB0254_f,,,,B01,GAATCTGA,Keimbahn,set1,KB0254,father,,,
2,KB0254_m,,,,C01,AACGTGAT,Keimbahn,set1,KB0254,mother,,,
2,KB0209_c,,,,D01,CACTTCGA,Keimbahn,set1,KB0209,patient,,,
3,KB0209_f,,,,E01,GCCAAGAC,Keimbahn,set2,KB0209,father,,,
3,KB0209_m,,,,F01,GACTAGTA,Keimbahn,set2,KB0209,mother,,,
3,KB0257_c,,,,G01,ATTGGCTC,Keimbahn,set2,KB0257,patient,,,
3,KB0257_f,,,,H01,GATGAATC,Keimbahn,set2,KB0257,father,,,
4,KB0209_f,,,,E01,GCCAAGAC,Keimbahn,set2,KB0209,father,,,
4,KB0209_m,,,,F01,GACTAGTA,Keimbahn,set2,KB0209,mother,,,
4,KB0257_c,,,,G01,ATTGGCTC,Keimbahn,set2,KB0257,patient,,,
4,KB0257_f,,,,H01,GATGAATC,Keimbahn,set2,KB0257,father,,,
5,KB0257_m,,,,A01,ATGCCTAA,Keimbahn,set3,KB0257,mother,,,
5,KB0259_c,,,,B01,GAATCTGA,Keimbahn,set3,KB0259,patient,,,
5,KB0259_f,,,,C01,AACGTGAT,Keimbahn,set3,KB0259,father,,,
5,KB0259_m,,,,D01,CACTTCGA,Keimbahn,set3,KB0259,mother,,,
6,KB0257_m,,,,A01,ATGCCTAA,Keimbahn,set3,KB0257,mother,,,
6,KB0259_c,,,,B01,GAATCTGA,Keimbahn,set3,KB0259,patient,,,
6,KB0259_f,,,,C01,AACGTGAT,Keimbahn,set3,KB0259,father,,,
6,KB0259_m,,,,D01,CACTTCGA,Keimbahn,set3,KB0259,mother,,,
7,KB0267_c,,,,E01,GCCAAGAC,Keimbahn,set4,KB0267,patient,,,
7,KB0267_f,,,,F01,GACTAGTA,Keimbahn,set4,KB0267,father,,,
7,KB0267_m,,,,G01,ATTGGCTC,Keimbahn,set4,KB0267,mother,,,
7,KB0195_c,,,,H01,GATGAATC,Keimbahn,set4,KB0195,patient,,,
8,KB0267_c,,,,E01,GCCAAGAC,Keimbahn,set4,KB0267,patient,,,
8,KB0267_f,,,,F01,GACTAGTA,Keimbahn,set4,KB0267,father,,,
8,KB0267_m,,,,G01,ATTGGCTC,Keimbahn,set4,KB0267,mother,,,
8,KB0195_c,,,,H01,GATGAATC,Keimbahn,set4,KB0195,patient,,,
