[Header],,,,,,,,,,,
IEMFileVersion,5,,,,,,,,,,
Date,02/14/20,,,,,,,,,,
Workflow,GenerateFASTQ,,,,,,,,,,
Application,HiSeq FASTQ,,,,,,,,,,
Instrument Type,HiSeq 1500/2500,,,,,,,,,,
Assay,Agilent_Sure_SelectXT,,,,,,,,,,
Index Adapters,Agilent_Sure_SelectXT,,,,,,,,,,
Description,PE-Amp-Lin-Block-Hyb-v 8.0,,,,,,,,,,
Chemistry,LOt: Truseq PE cluster kit V5,,,,,,,,,,
Operator,Katayoun Alemazkur/ Frauke Meyer,,,,,,,,,,
Investigator,Layal Yasin / Ute Fischer / Rabea Wagener/ Daniel Picard,,,,,,,,,,
Backup_NAS_name,Ingerimm,,,,,,,,,,
kind_of_run,2x101bp,,,,,,,,,,
[Reads],,,,,,,,,,,
101,,,,,,,,,,,
101,,,,,,,,,,,
,,,,,,,,,,,
[Settings],,,,,,,,,,,
ReverseComplement,0,,,,,,,,,,
Adapter,AGATCGGAAGAGCACACGTCTGAACTCCAGTCA,,,,,,,,,,
AdapterRead2,AGATCGGAAGAGCGTCGTGTAGGGAAAGAGTGT,,,,,,,,,,
,,,,,,,,,,,
[Data],,,,,,,,,,,
Lane,Sample_ID,Sample_Name,Sample_Plate,Sample_Well,I7_Index_ID,index,Sample_Project,Description,spike_entity_id,spike_entity_role,spike_ignore_sample
1,KB0290_m,,,,E01,GCCAAGAC,Keimbahn,set1,KB0290,mother,
1,KB0294_c,,,,F01,GACTAGTA,Keimbahn,set1,KB0294,patient,
1,KB0294_f,,,,G01,ATTGGCTC,Keimbahn,set1,KB0294,father,
1,KB0294_m,,,,H01,GATGAATC,Keimbahn,set1,KB0294,mother,
2,KB0290_m,,,,E01,GCCAAGAC,Keimbahn,set1,KB0290,mother,
2,KB0294_c,,,,F01,GACTAGTA,Keimbahn,set1,KB0294,patient,
2,KB0294_f,,,,G01,ATTGGCTC,Keimbahn,set1,KB0294,father,
2,KB0294_m,,,,H01,GATGAATC,Keimbahn,set1,KB0294,mother,
3,KB0249_c,,,,A01,ATGCCTAA,Keimbahn,set2,KB0249,patient,
3,KB0249_f,,,,B01,GAATCTGA,Keimbahn,set2,KB0249,father,
3,KB0249_m,,,,C01,AACGTGAT,Keimbahn,set2,KB0249,mother,
3,KB0296_c,,,,D01,CACTTCGA,Keimbahn,set2,KB0296,patient,
4,KB0249_c,,,,A01,ATGCCTAA,Keimbahn,set2,KB0249,patient,
4,KB0249_f,,,,B01,GAATCTGA,Keimbahn,set2,KB0249,father,
4,KB0249_m,,,,C01,AACGTGAT,Keimbahn,set2,KB0249,mother,
4,KB0296_c,,,,D01,CACTTCGA,Keimbahn,set2,KB0296,patient,
5,KB0296_f,,,,E01,GCCAAGAC,Keimbahn,set3,KB0296,father,
5,KB0296_m,,,,F01,GACTAGTA,Keimbahn,set3,KB0296,mother,
6,AGR-022,,,,4,TGACCA,AG_Remke,set3,,,
6,AGR-040,,,,5,ACAGTG,AG_Remke,set3,,,
6,AGR-090,,,,6,GCCAAT,AG_Remke,set3,,,
6,AGR-097,,,,7,CAGATC,AG_Remke,set3,,,
7,AGR-106,,,,16,CCGTCC,AG_Remke,set4,,,
7,AGR-112,,,,18,GTCCGC,AG_Remke,set4,,,
7,AGR-142,,,,19,GTGAAA,AG_Remke,set4,,,
7,AGR-156,,,,2,CGATGT,AG_Remke,set4,,,
8,AGR-158,,,,6,GCCAAT,AG_Remke,set4,,,
8,AGR-168,,,,7,CAGATC,AG_Remke,set4,,,
8,AGR-173,,,,12,CTTGTA,AG_Remke,set4,,,
8,AGR-174,,,,13,AGTCAA,AG_Remke,set4,,,
