[Header],,,,,,,,,,,
IEMFileVersion,5,,,,,,,,,,
Date,07/02/20,,,,,,,,,,
Workflow,GenerateFASTQ,,,,,,,,,,
Application,Nextseq FASTQ,,,,,,,,,,
Instrument Type,Nextseq 500/550,,,,,,,,,,
Assay,Agilent_Sure_SelectXT,,,,,,,,,,
Index Adapters,Agilent_Sure_SelectXT,,,,,,,,,,
Chemistry,defualt,,,,,,,,,,
Operator,Katayoun Alemazkur,,,,,,,,,,
Investigator,Ute Fischer / Vera Jepsen,,,,,,,,,,
Backup_NAS_name,Ingerimm,,,,,,,,,,
kind_of_run,2x151bp,,,,,,,,,,
[Reads],,,,,,,,,,,
151,,,,,,,,,,,
151,,,,,,,,,,,
,,,,,,,,,,,
[Settings],,,,,,,,,,,
ReverseComplement,0,,,,,,,,,,
Adapter,AGATCGGAAGAGCACACGTCTGAACTCCAGTCA,,,,,,,,,,
AdapterRead2,AGATCGGAAGAGCGTCGTGTAGGGAAAGAGTGT,,,,,,,,,,
,,,,,,,,,,,
[Data],,,,,,,,,,,
Lane,Sample_ID,Sample_Name,Sample_Plate,Sample_Well,I7_Index_ID,index,Sample_Project,Description,spike_entity_id,spike_entity_role,spike_ignore_sample
1,3687_rem,,,,G01,ATTGGCTC,ETV6_RUNX1,set1,3687_C2,healthy,
1,3618_rem,,,,H01,GATGAATC,ETV6_RUNX1,set1,3618_C2,healthy,
1,3772_rem,,,,A01,ATGCCTAA,ETV6_RUNX1,set1,3772_C2,healthy,
1,2578_rem,,,,B01,GAATCTGA,ETV6_RUNX1,set1,2578_C2,healthy,
1,3686_rem,,,,C01,AACGTGAT,ETV6_RUNX1,set1,3686_C2,healthy,
1,KB0338_m,,,,D01,CACTTCGA,Keimbahn,set1,KB0338,mother,
2,3687_rem,,,,G01,ATTGGCTC,ETV6_RUNX1,set2,3687_C2,healthy,
2,3618_rem,,,,H01,GATGAATC,ETV6_RUNX1,set2,3618_C2,healthy,
2,3772_rem,,,,A01,ATGCCTAA,ETV6_RUNX1,set2,3772_C2,healthy,
2,2578_rem,,,,B01,GAATCTGA,ETV6_RUNX1,set2,2578_C2,healthy,
2,3686_rem,,,,C01,AACGTGAT,ETV6_RUNX1,set2,3686_C2,healthy,
2,KB0338_m,,,,D01,CACTTCGA,Keimbahn,set2,KB0338,mother,
3,3687_rem,,,,G01,ATTGGCTC,ETV6_RUNX1,set3,3687_C2,healthy,
3,3618_rem,,,,H01,GATGAATC,ETV6_RUNX1,set3,3618_C2,healthy,
3,3772_rem,,,,A01,ATGCCTAA,ETV6_RUNX1,set3,3772_C2,healthy,
3,2578_rem,,,,B01,GAATCTGA,ETV6_RUNX1,set3,2578_C2,healthy,
3,3686_rem,,,,C01,AACGTGAT,ETV6_RUNX1,set3,3686_C2,healthy,
3,KB0338_m,,,,D01,CACTTCGA,Keimbahn,set3,KB0338,mother,
4,3687_rem,,,,G01,ATTGGCTC,ETV6_RUNX1,set4,3687_C2,healthy,
4,3618_rem,,,,H01,GATGAATC,ETV6_RUNX1,set4,3618_C2,healthy,
4,3772_rem,,,,A01,ATGCCTAA,ETV6_RUNX1,set4,3772_C2,healthy,
4,2578_rem,,,,B01,GAATCTGA,ETV6_RUNX1,set4,2578_C2,healthy,
4,3686_rem,,,,C01,AACGTGAT,ETV6_RUNX1,set4,3686_C2,healthy,
4,KB0338_m,,,,D01,CACTTCGA,Keimbahn,set4,KB0338,mother,
