[Header],,,,,,,,,,,,,,
IEMFileVersion,5,,,,,,,,,,,,,
Date,10/27/20,,,,,,,,,,,,,
Workflow,GenerateFASTQ,,,,,,,,,,,,,
Application,Nextseq FASTQ,,,,,,,,,,,,,
Instrument Type,Nextseq 500/550,,,,,,,,,,,,,
Assay,Agilent_SureSelect_Human_AllExon_V7.hGRC37.Covered.bed,,,,,,,,,,,,,
Index Adapters,Agilent_Sure_SelectXT_HS,,,,,,,,,,,,,
Chemistry,SureSelectXT_HS,,,,,,,,,,,,,
Operator,Katayoun Alemazkur,,,,,,,,,,,,,
Investigator,Ute Fischer / Rabea Wagener,,,,,,,,,,,,,
Backup_NAS_name,Ingerimm,,,,,,,,,,,,,
kind_of_run,2x151bp,,,,,,,,,,,,,
[Reads],,,,,,,,,,,,,,
151,,,,,,,,,,,,,,
151,,,,,,,,,,,,,,
,,,,,,,,,,,,,,
[Settings],,,,,,,,,,,,,,
ReverseComplement,0,,,,,,,,,,,,,
Adapter,AGATCGGAAGAGCACACGTCTGAACTCCAGTCA,,,,,,,,,,,,,
AdapterRead2,AGATCGGAAGAGCGTCGTGTAGGGAAAGAGTGT,,,,,,,,,,,,,
,,,,,,,,,,,,,,
[Data],,,,,,,,,,,,,,
Lane,Sample_ID,Sample_Name,Sample_Plate,Sample_Well,I7_Index_ID,index,I5_Index_ID,index2,Sample_Project,Description,spike_entity_id,spike_entity_role,spike_ignore_sample,capture_kit
1,KB0345_m,,,,A01,GTCTGTCA,,,Keimbahn,set1,KB0345,mother,,SureSelect Human All Exon V7
1,KB0355_c,,,,B01,TGAAGAGA,,,Keimbahn,set1,KB0355,patient,,SureSelect Human All Exon V7
1,KB0355_f,,,,C01,TTCACGCA,,,Keimbahn,set1,KB0355,father,,SureSelect Human All Exon V7
1,KB0355_m,,,,D01,AACGTGAT,,,Keimbahn,set1,KB0355,mother,,SureSelect Human All Exon V7
1,Alps_84,,,,E01,ACCACTGT,,,Alps,set1,ALPS_84,patient,,SureSelect Human All Exon V7
1,Alps_84_a,,,,F01,ACCTCCAA,,,Alps,set1,ALPS_84,father,,SureSelect Human All Exon V7
1,Alps_84_b,,,,G01,ATTGAGGA ,,,Alps,set1,ALPS_84,mother,,SureSelect Human All Exon V7
1,KB0401_c,,,,H01,ACACAGAA,,,Keimbahn,set1,KB0401,patient,,SureSelect Human All Exon V7
1,KB0401_f,,,,A02,GCGAGTAA,,,Keimbahn,set1,KB0401,father,,SureSelect Human All Exon V7
2,KB0345_m,,,,A01,GTCTGTCA,,,Keimbahn,set2,KB0345,mother,,SureSelect Human All Exon V7
2,KB0355_c,,,,B01,TGAAGAGA,,,Keimbahn,set2,KB0355,patient,,SureSelect Human All Exon V7
2,KB0355_f,,,,C01,TTCACGCA,,,Keimbahn,set2,KB0355,father,,SureSelect Human All Exon V7
2,KB0355_m,,,,D01,AACGTGAT,,,Keimbahn,set2,KB0355,mother,,SureSelect Human All Exon V7
2,Alps_84,,,,E01,ACCACTGT,,,Alps,set2,ALPS_84,patient,,SureSelect Human All Exon V7
2,Alps_84_a,,,,F01,ACCTCCAA,,,Alps,set2,ALPS_84,father,,SureSelect Human All Exon V7
2,Alps_84_b,,,,G01,ATTGAGGA ,,,Alps,set2,ALPS_84,mother,,SureSelect Human All Exon V7
2,KB0401_c,,,,H01,ACACAGAA,,,Keimbahn,set2,KB0401,patient,,SureSelect Human All Exon V7
2,KB0401_f,,,,A02,GCGAGTAA,,,Keimbahn,set2,KB0401,father,,SureSelect Human All Exon V7
3,KB0345_m,,,,A01,GTCTGTCA,,,Keimbahn,set3,KB0345,mother,,SureSelect Human All Exon V7
3,KB0355_c,,,,B01,TGAAGAGA,,,Keimbahn,set3,KB0355,patient,,SureSelect Human All Exon V7
3,KB0355_f,,,,C01,TTCACGCA,,,Keimbahn,set3,KB0355,father,,SureSelect Human All Exon V7
3,KB0355_m,,,,D01,AACGTGAT,,,Keimbahn,set3,KB0355,mother,,SureSelect Human All Exon V7
3,Alps_84,,,,E01,ACCACTGT,,,Alps,set3,ALPS_84,patient,,SureSelect Human All Exon V7
3,Alps_84_a,,,,F01,ACCTCCAA,,,Alps,set3,ALPS_84,father,,SureSelect Human All Exon V7
3,Alps_84_b,,,,G01,ATTGAGGA ,,,Alps,set3,ALPS_84,mother,,SureSelect Human All Exon V7
3,KB0401_c,,,,H01,ACACAGAA,,,Keimbahn,set3,KB0401,patient,,SureSelect Human All Exon V7
3,KB0401_f,,,,A02,GCGAGTAA,,,Keimbahn,set3,KB0401,father,,SureSelect Human All Exon V7
4,KB0345_m,,,,A01,GTCTGTCA,,,Keimbahn,set4,KB0345,mother,,SureSelect Human All Exon V7
4,KB0355_c,,,,B01,TGAAGAGA,,,Keimbahn,set4,KB0355,patient,,SureSelect Human All Exon V7
4,KB0355_f,,,,C01,TTCACGCA,,,Keimbahn,set4,KB0355,father,,SureSelect Human All Exon V7
4,KB0355_m,,,,D01,AACGTGAT,,,Keimbahn,set4,KB0355,mother,,SureSelect Human All Exon V7
4,Alps_84,,,,E01,ACCACTGT,,,Alps,set4,ALPS_84,patient,,SureSelect Human All Exon V7
4,Alps_84_a,,,,F01,ACCTCCAA,,,Alps,set4,ALPS_84,father,,SureSelect Human All Exon V7
4,Alps_84_b,,,,G01,ATTGAGGA ,,,Alps,set4,ALPS_84,mother,,SureSelect Human All Exon V7
4,KB0401_c,,,,H01,ACACAGAA,,,Keimbahn,set4,KB0401,patient,,SureSelect Human All Exon V7
4,KB0401_f,,,,A02,GCGAGTAA,,,Keimbahn,set4,KB0401,father,,SureSelect Human All Exon V7
