[Header],,,,,,,,,
IEMFileVersion,4,,,,,,,,
Investigator Name,Gombert,,,,,,,,
Experiment Name,mouse_microbiomes_plate2,,,,,,,,
Date,07.04.2017,,,,,,,,
Workflow,GenerateFASTQ,,,,,,,,
Application,FASTQ Only,,,,,,,,
Assay,Nextera XT,,,,,,,,
Description,,,,,,,,,
Chemistry,Amplicon,,,,,,,,
,,,,,,,,,
[Reads],,,,,,,,,
301,,,,,,,,,
301,,,,,,,,,
,,,,,,,,,
[Settings],,,,,,,,,
ReverseComplement,0,,,,,,,,
Adapter,CTGTCTCTTATACACATCT,,,,,,,,
,,,,,,,,,
[Data],,,,,,,,,
Sample_ID,Sample_Name,Sample_Plate,Sample_Well,I7_Index_ID,index,I5_Index_ID,index2,Sample_Project,Description
1,I337,,,N701,TAAGGCGA,S517,GCGTAAGA,,
2,I331,,,N701,TAAGGCGA,S502,CTCTCTAT,,
3,L245,,,N701,TAAGGCGA,S503,TATCCTCT,,
4,I338,,,N701,TAAGGCGA,S504,AGAGTAGA,,
5,L380,,,N701,TAAGGCGA,S505,GTAAGGAG,,
6,L381,,,N701,TAAGGCGA,S506,ACTGCATA,,
7,L382,,,N701,TAAGGCGA,S507,AAGGAGTA,,
8,L452,,,N701,TAAGGCGA,S508,CTAAGCCT,,
9,L665,,,N702,CGTACTAG,S517,GCGTAAGA,,
10,L643,,,N702,CGTACTAG,S502,CTCTCTAT,,
11,L712,,,N702,CGTACTAG,S503,TATCCTCT,,
12,L713,,,N702,CGTACTAG,S504,AGAGTAGA,,
13,L714,,,N702,CGTACTAG,S505,GTAAGGAG,,
14,L846,,,N702,CGTACTAG,S506,ACTGCATA,,
15,L977,,,N702,CGTACTAG,S507,AAGGAGTA,,
16,L179,,,N702,CGTACTAG,S508,CTAAGCCT,,
17,L181,,,N703,AGGCAGAA,S517,GCGTAAGA,,
18,L201,,,N703,AGGCAGAA,S502,CTCTCTAT,,
19,L203,,,N703,AGGCAGAA,S503,TATCCTCT,,
20,L644,,,N703,AGGCAGAA,S504,AGAGTAGA,,
21,L832,,,N703,AGGCAGAA,S505,GTAAGGAG,,
22,L833,,,N703,AGGCAGAA,S506,ACTGCATA,,
23,L979,,,N703,AGGCAGAA,S507,AAGGAGTA,,
24,L980,,,N703,AGGCAGAA,S508,CTAAGCCT,,
25,I329,,,N704,TCCTGAGC,S517,GCGTAAGA,,
26,I331,,,N704,TCCTGAGC,S502,CTCTCTAT,,
27,I337,,,N704,TCCTGAGC,S503,TATCCTCT,,
28,I338,,,N704,TCCTGAGC,S504,AGAGTAGA,,
29,I329,,,N704,TCCTGAGC,S505,GTAAGGAG,,
30,I331,,,N704,TCCTGAGC,S506,ACTGCATA,,
31,I337,,,N704,TCCTGAGC,S507,AAGGAGTA,,
32,I338,,,N704,TCCTGAGC,S508,CTAAGCCT,,
33,DNA,,,N705,GGACTCCT,S517,GCGTAAGA,,
34,DNA,,,N705,GGACTCCT,S502,CTCTCTAT,,
35,DNA,,,N705,GGACTCCT,S503,TATCCTCT,,
36,DNA,,,N705,GGACTCCT,S504,AGAGTAGA,,
37,L245,,,N705,GGACTCCT,S505,GTAAGGAG,,
38,L380,,,N705,GGACTCCT,S506,ACTGCATA,,
39,L381,,,N705,GGACTCCT,S507,AAGGAGTA,,
40,L382,,,N705,GGACTCCT,S508,CTAAGCCT,,
41,L452,,,N706,TAGGCATG,S517,GCGTAAGA,,
42,L665,,,N706,TAGGCATG,S502,CTCTCTAT,,
43,L712,,,N706,TAGGCATG,S503,TATCCTCT,,
44,L713,,,N706,TAGGCATG,S504,AGAGTAGA,,
45,L714,,,N706,TAGGCATG,S505,GTAAGGAG,,
46,L846,,,N706,TAGGCATG,S506,ACTGCATA,,
47,L977,,,N706,TAGGCATG,S507,AAGGAGTA,,
48,L179,,,N706,TAGGCATG,S508,CTAAGCCT,,
49,L181,,,N707,CTCTCTAC,S517,GCGTAAGA,,
50,L201,,,N707,CTCTCTAC,S502,CTCTCTAT,,
51,L644,,,N707,CTCTCTAC,S503,TATCCTCT,,
52,L832,,,N707,CTCTCTAC,S504,AGAGTAGA,,
53,L833,,,N707,CTCTCTAC,S505,GTAAGGAG,,
54,L979,,,N707,CTCTCTAC,S506,ACTGCATA,,
55,L980,,,N707,CTCTCTAC,S507,AAGGAGTA,,
56,I329,,,N707,CTCTCTAC,S508,CTAAGCCT,,
57,I331,,,N708,CAGAGAGG,S517,GCGTAAGA,,
58,I337,,,N708,CAGAGAGG,S502,CTCTCTAT,,
59,I338,,,N708,CAGAGAGG,S503,TATCCTCT,,
60,DNA,,,N708,CAGAGAGG,S504,AGAGTAGA,,
61,DNA,,,N708,CAGAGAGG,S505,GTAAGGAG,,
