[Header],,,,,,,,
IEMFileVersion,4,,,,,,,
Investigator Name,scholtyssik,,,,,,,
Experiment Name,,,,,,,,
Date,07.08.2017,,,,,,,
Workflow,GenerateFASTQ,,,,,,,
Application,FASTQ Only,,,,,,,
Assay,Nextera XT,,,,,,,
Description,,,,,,,,
Chemistry,Amplicon,,,,,,,
,,,,,,,,
[Reads],,,,,,,,
301,,,,,,,,
301,,,,,,,,
,,,,,,,,
[Settings],,,,,,,,
ReverseComplement,0,,,,,,,
Adapter,CTGTCTCTTATACACATCT,,,,,,,
,,,,,,,,
[Data],,,,,,,,
Sample_ID,Sample_Name,Sample_Plate,Sample_Well,I7_Index_ID,index,I5_Index_ID,index2,Sample_Project
1,704,,,N701,TAAGGCGA,S517,GCGTAAGA,
2,705,,,N701,TAAGGCGA,S502,CTCTCTAT,
3,709,,,N701,TAAGGCGA,S503,TATCCTCT,
4,710,,,N701,TAAGGCGA,S504,AGAGTAGA,
5,711,,,N701,TAAGGCGA,S505,GTAAGGAG,
6,712,,,N701,TAAGGCGA,S506,ACTGCATA,
7,828,,,N701,TAAGGCGA,S507,AAGGAGTA,
8,829,,,N701,TAAGGCGA,S508,CTAAGCCT,
9,830,,,N702,CGTACTAG,S517,GCGTAAGA,
10,831,,,N702,CGTACTAG,S502,CTCTCTAT,
11,832,,,N702,CGTACTAG,S503,TATCCTCT,
12,833,,,N702,CGTACTAG,S504,AGAGTAGA,
13,834,,,N702,CGTACTAG,S505,GTAAGGAG,
14,835,,,N702,CGTACTAG,S506,ACTGCATA,
15,836,,,N702,CGTACTAG,S507,AAGGAGTA,
16,837,,,N702,CGTACTAG,S508,CTAAGCCT,
17,838,,,N703,AGGCAGAA,S517,GCGTAAGA,
18,839,,,N703,AGGCAGAA,S502,CTCTCTAT,
19,840,,,N703,AGGCAGAA,S503,TATCCTCT,
20,841,,,N703,AGGCAGAA,S504,AGAGTAGA,
21,842,,,N703,AGGCAGAA,S505,GTAAGGAG,
22,845,,,N703,AGGCAGAA,S506,ACTGCATA,
23,846,,,N703,AGGCAGAA,S507,AAGGAGTA,
24,847,,,N703,AGGCAGAA,S508,CTAAGCCT,
25,848,,,N704,TCCTGAGC,S517,GCGTAAGA,
26,849,,,N704,TCCTGAGC,S502,CTCTCTAT,
27,850,,,N704,TCCTGAGC,S503,TATCCTCT,
28,851,,,N704,TCCTGAGC,S504,AGAGTAGA,
29,852,,,N704,TCCTGAGC,S505,GTAAGGAG,
30,853,,,N704,TCCTGAGC,S506,ACTGCATA,
31,854,,,N704,TCCTGAGC,S507,AAGGAGTA,
32,855,,,N704,TCCTGAGC,S508,CTAAGCCT,
33,856,,,N705,GGACTCCT,S517,GCGTAAGA,
34,857,,,N705,GGACTCCT,S502,CTCTCTAT,
35,858,,,N705,GGACTCCT,S503,TATCCTCT,
36,859,,,N705,GGACTCCT,S504,AGAGTAGA,
37,860,,,N705,GGACTCCT,S505,GTAAGGAG,
38,861,,,N705,GGACTCCT,S506,ACTGCATA,
39,862,,,N705,GGACTCCT,S507,AAGGAGTA,
40,863,,,N705,GGACTCCT,S508,CTAAGCCT,
41,864,,,N706,TAGGCATG,S517,GCGTAAGA,
42,865,,,N706,TAGGCATG,S502,CTCTCTAT,
43,866,,,N706,TAGGCATG,S503,TATCCTCT,
44,867,,,N706,TAGGCATG,S504,AGAGTAGA,
45,868,,,N706,TAGGCATG,S505,GTAAGGAG,
46,869,,,N706,TAGGCATG,S506,ACTGCATA,
47,870,,,N706,TAGGCATG,S507,AAGGAGTA,
48,871,,,N706,TAGGCATG,S508,CTAAGCCT,
49,872,,,N707,CTCTCTAC,S517,GCGTAAGA,
50,873,,,N707,CTCTCTAC,S502,CTCTCTAT,
51,874,,,N707,CTCTCTAC,S503,TATCCTCT,
52,875,,,N707,CTCTCTAC,S504,AGAGTAGA,
53,876,,,N707,CTCTCTAC,S505,GTAAGGAG,
54,877,,,N707,CTCTCTAC,S506,ACTGCATA,
55,878,,,N707,CTCTCTAC,S507,AAGGAGTA,
56,879,,,N707,CTCTCTAC,S508,CTAAGCCT,
57,880,,,N708,CAGAGAGG,S517,GCGTAAGA,
58,881,,,N708,CAGAGAGG,S502,CTCTCTAT,
59,882,,,N708,CAGAGAGG,S503,TATCCTCT,
60,883,,,N708,CAGAGAGG,S504,AGAGTAGA,
61,884,,,N708,CAGAGAGG,S505,GTAAGGAG,
62,885,,,N708,CAGAGAGG,S506,ACTGCATA,
63,886,,,N708,CAGAGAGG,S507,AAGGAGTA,
64,887,,,N708,CAGAGAGG,S508,CTAAGCCT,
65,888,,,N709,GCTACGCT,S517,GCGTAAGA,
66,889,,,N709,GCTACGCT,S502,CTCTCTAT,
67,890,,,N709,GCTACGCT,S503,TATCCTCT,
68,891,,,N709,GCTACGCT,S504,AGAGTAGA,
69,892,,,N709,GCTACGCT,S505,GTAAGGAG,
70,893,,,N709,GCTACGCT,S506,ACTGCATA,
71,894,,,N709,GCTACGCT,S507,AAGGAGTA,
72,895,,,N709,GCTACGCT,S508,CTAAGCCT,
73,896,,,N710,CGAGGCTG,S517,GCGTAAGA,
74,897,,,N710,CGAGGCTG,S502,CTCTCTAT,
75,898,,,N710,CGAGGCTG,S503,TATCCTCT,
76,899,,,N710,CGAGGCTG,S504,AGAGTAGA,
77,900,,,N710,CGAGGCTG,S505,GTAAGGAG,
78,901,,,N710,CGAGGCTG,S506,ACTGCATA,
79,902,,,N710,CGAGGCTG,S507,AAGGAGTA,
80,903,,,N710,CGAGGCTG,S508,CTAAGCCT,
81,904,,,N711,AAGAGGCA,S517,GCGTAAGA,
82,905,,,N711,AAGAGGCA,S502,CTCTCTAT,
83,906,,,N711,AAGAGGCA,S503,TATCCTCT,
84,907,,,N711,AAGAGGCA,S504,AGAGTAGA,
85,908,,,N711,AAGAGGCA,S505,GTAAGGAG,
86,909,,,N711,AAGAGGCA,S506,ACTGCATA,
87,910,,,N711,AAGAGGCA,S507,AAGGAGTA,
88,911,,,N711,AAGAGGCA,S508,CTAAGCCT,
89,912,,,N712,GTAGAGGA,S517,GCGTAAGA,
90,913,,,N712,GTAGAGGA,S502,CTCTCTAT,
91,914,,,N712,GTAGAGGA,S503,TATCCTCT,
92,915,,,N712,GTAGAGGA,S504,AGAGTAGA,
93,916,,,N712,GTAGAGGA,S505,GTAAGGAG,
94,917,,,N712,GTAGAGGA,S506,ACTGCATA,
95,918,,,N712,GTAGAGGA,S507,AAGGAGTA,
96,PCR KONTR,,,N712,GTAGAGGA,S508,CTAAGCCT,
